<receptes xmlns:xsi="http://www.w3.org/2001/XMLSchema-instance"
          xsi:noNamespaceSchemaLocation="kerly.guanoquiza.7e8.xsd">
        <recepta dificultat="5">
            <autor>
                <nom>Marc Ibañez</nom>
                <dni>41004545</dni>
            </autor>
            <nom>Papates amb llet</nom>
            <ingredients>
                <ingredient>
                    <quantitat>
                        <valor>2</valor>
                        <mesura>grams</mesura>
                    </quantitat>
                    <nom>all</nom>
                </ingredient>
            </ingredients>
            <passos>
                <pas>Fregir patates</pas>
            </passos>
        </recepta>
    </receptes>